-- users
INSERT INTO users (username, email, password_hash, first_name, last_name) VALUES
('johndoe', 'john.doe@example.com', 'hashed_password_1', 'John', 'Doe'),
('janedoe', 'jane.doe@example.com', 'hashed_password_2', 'Jane', 'Doe'),
('bobsmith', 'bob.smith@example.com', 'hashed_password_3', 'Bob', 'Smith'),
('alicejones', 'alice.jones@example.com', 'hashed_password_4', 'Alice', 'Jones'),
('charliebrown', 'charlie.brown@example.com', 'hashed_password_5', 'Charlie', 'Brown'),
('davidwilson', 'david.wilson@example.com', 'hashed_password_6', 'David', 'Wilson'),
('emilyclark', 'emily.clark@example.com', 'hashed_password_7', 'Emily', 'Clark'),
('frankharris', 'frank.harris@example.com', 'hashed_password_8', 'Frank', 'Harris'),
('gracelee', 'grace.lee@example.com', 'hashed_password_9', 'Grace', 'Lee'),
('henrykim', 'henry.kim@example.com', 'hashed_password_10', 'Henry', 'Kim'),
('isabellamartin', 'isabella.martin@example.com', 'hashed_password_11', 'Isabella', 'Martin'),
('jacktaylor', 'jack.taylor@example.com', 'hashed_password_12', 'Jack', 'Taylor'),
('karenmoore', 'karen.moore@example.com', 'hashed_password_13', 'Karen', 'Moore'),
('liamwhite', 'liam.white@example.com', 'hashed_password_14', 'Liam', 'White'),
('mariagonzalez', 'maria.gonzalez@example.com', 'hashed_password_15', 'Maria', 'Gonzalez'),
('nathanlopez', 'nathan.lopez@example.com', 'hashed_password_16', 'Nathan', 'Lopez'),
('oliviasmith', 'olivia.smith@example.com', 'hashed_password_17', 'Olivia', 'Smith'),
('patrickjohnson', 'patrick.johnson@example.com', 'hashed_password_18', 'Patrick', 'Johnson'),
('quinnallen', 'quinn.allen@example.com', 'hashed_password_19', 'Quinn', 'Allen'),
('racheldavis', 'rachel.davis@example.com', 'hashed_password_20', 'Rachel', 'Davis'),
('sophiabrown', 'sophia.brown@example.com', 'hashed_password_21', 'Sophia', 'Brown'),
('thomaswilliams', 'thomas.williams@example.com', 'hashed_password_22', 'Thomas', 'Williams'),
('ursulakelly', 'ursula.kelly@example.com', 'hashed_password_23', 'Ursula', 'Kelly'),
('victorrodriguez', 'victor.rodriguez@example.com', 'hashed_password_24', 'Victor', 'Rodriguez'),
('williammartin', 'william.martin@example.com', 'hashed_password_25', 'William', 'Martin'),
('xanderthomas', 'xander.thomas@example.com', 'hashed_password_26', 'Xander', 'Thomas'),
('yvetteharris', 'yvette.harris@example.com', 'hashed_password_27', 'Yvette', 'Harris'),
('zacharydavis', 'zachary.davis@example.com', 'hashed_password_28', 'Zachary', 'Davis'),
('ambernelson', 'amber.nelson@example.com', 'hashed_password_29', 'Amber', 'Nelson'),
('benjamincarter', 'benjamin.carter@example.com', 'hashed_password_30', 'Benjamin', 'Carter'),
('claireadams', 'claire.adams@example.com', 'hashed_password_31', 'Claire', 'Adams'),
('danielrivera', 'daniel.rivera@example.com', 'hashed_password_32', 'Daniel', 'Rivera'),
('ellaanderson', 'ella.anderson@example.com', 'hashed_password_33', 'Ella', 'Anderson'),
('finnroberts', 'finn.roberts@example.com', 'hashed_password_34', 'Finn', 'Roberts'),
('gabriellemoore', 'gabrielle.moore@example.com', 'hashed_password_35', 'Gabrielle', 'Moore'),
('hannahjames', 'hannah.james@example.com', 'hashed_password_36', 'Hannah', 'James'),
('ianwalker', 'ian.walker@example.com', 'hashed_password_37', 'Ian', 'Walker'),
('juliayoung', 'julia.young@example.com', 'hashed_password_38', 'Julia', 'Young'),
('kylehill', 'kyle.hill@example.com', 'hashed_password_39', 'Kyle', 'Hill'),
('laurenlewis', 'lauren.lewis@example.com', 'hashed_password_40', 'Lauren', 'Lewis'),
('matthewhall', 'matthew.hall@example.com', 'hashed_password_41', 'Matthew', 'Hall'),
('nataliegonzalez', 'natalie.gonzalez@example.com', 'hashed_password_42', 'Natalie', 'Gonzalez'),
('owenjones', 'owen.jones@example.com', 'hashed_password_43', 'Owen', 'Jones'),
('pamelamorris', 'pamela.morris@example.com', 'hashed_password_44', 'Pamela', 'Morris'),
('quinnperry', 'quinn.perry@example.com', 'hashed_password_45', 'Quinn', 'Perry'),
('rileywood', 'riley.wood@example.com', 'hashed_password_46', 'Riley', 'Wood'),
('samanthaallen', 'samantha.allen@example.com', 'hashed_password_47', 'Samantha', 'Allen'),
('tylerking', 'tyler.king@example.com', 'hashed_password_48', 'Tyler', 'King'),
('underwooddavis', 'underwood.davis@example.com', 'hashed_password_49', 'Underwood', 'Davis'),
('veronicabaker', 'veronica.baker@example.com', 'hashed_password_50', 'Veronica', 'Baker'),
('willowgreen', 'willow.green@example.com', 'hashed_password_51', 'Willow', 'Green'),
('xaviermorris', 'xavier.morris@example.com', 'hashed_password_52', 'Xavier', 'Morris'),
('yvonnewood', 'yvonne.wood@example.com', 'hashed_password_53', 'Yvonne', 'Wood'),
('zacharymoore', 'zachary.moore@example.com', 'hashed_password_54', 'Zachary', 'Moore'),
('amandataylor', 'amanda.taylor@example.com', 'hashed_password_55', 'Amanda', 'Taylor'),
('briannawilson', 'brianna.wilson@example.com', 'hashed_password_56', 'Brianna', 'Wilson'),
('christopherbaker', 'christopher.baker@example.com', 'hashed_password_57', 'Christopher', 'Baker'),
('danielleclark', 'danielle.clark@example.com', 'hashed_password_58', 'Danielle', 'Clark'),
('elizabethscott', 'elizabeth.scott@example.com', 'hashed_password_59', 'Elizabeth', 'Scott'),
('franklinbrooks', 'franklin.brooks@example.com', 'hashed_password_60', 'Franklin', 'Brooks'),
('gracehall', 'grace.hall@example.com', 'hashed_password_61', 'Grace', 'Hall'),
('harrystevens', 'harry.stevens@example.com', 'hashed_password_62', 'Harry', 'Stevens'),
('isabellajohnson', 'isabella.johnson@example.com', 'hashed_password_63', 'Isabella', 'Johnson'),
('jacksonlee', 'jackson.lee@example.com', 'hashed_password_64', 'Jackson', 'Lee'),
('karendavis', 'karen.davis@example.com', 'hashed_password_65', 'Karen', 'Davis'),
('lindseywalker', 'lindsey.walker@example.com', 'hashed_password_66', 'Lindsey', 'Walker'),
('michaelthomas', 'michael.thomas@example.com', 'hashed_password_67', 'Michael', 'Thomas'),
('nicolewright', 'nicole.wright@example.com', 'hashed_password_68', 'Nicole', 'Wright'),
('oliviaanderson', 'olivia.anderson@example.com', 'hashed_password_69', 'Olivia', 'Anderson'),
('paulroberts', 'paul.roberts@example.com', 'hashed_password_70', 'Paul', 'Roberts'),
('quinnwright', 'quinn.wright@example.com', 'hashed_password_71', 'Quinn', 'Wright'),
('rosalindpeterson', 'rosalind.peterson@example.com', 'hashed_password_72', 'Rosalind', 'Peterson'),
('samsmith', 'sam.smith@example.com', 'hashed_password_73', 'Sam', 'Smith'),
('tiffanydavis', 'tiffany.davis@example.com', 'hashed_password_74', 'Tiffany', 'Davis'),
('ursulapark', 'ursula.park@example.com', 'hashed_password_75', 'Ursula', 'Park'),
('vincentgreen', 'vincent.green@example.com', 'hashed_password_76', 'Vincent', 'Green'),
('wendyallen', 'wendy.allen@example.com', 'hashed_password_77', 'Wendy', 'Allen'),
('xenajohnson', 'xena.johnson@example.com', 'hashed_password_78', 'Xena', 'Johnson'),
('yasmineharris', 'yasmine.harris@example.com', 'hashed_password_79', 'Yasmine', 'Harris'),
('zacharymorris', 'zachary.morris@example.com', 'hashed_password_80', 'Zachary', 'Morris'),
('aubreyprice', 'aubrey.price@example.com', 'hashed_password_81', 'Aubrey', 'Price'),
('bryancole', 'bryan.cole@example.com', 'hashed_password_82', 'Bryan', 'Cole'),
('catherinefisher', 'catherine.fisher@example.com', 'hashed_password_83', 'Catherine', 'Fisher'),
('derekgrayson', 'derek.grayson@example.com', 'hashed_password_84', 'Derek', 'Grayson'),
('emilywalker', 'emily.walker@example.com', 'hashed_password_85', 'Emily', 'Walker'),
('finnmiller', 'finn.miller@example.com', 'hashed_password_86', 'Finn', 'Miller'),
('georgianelson', 'georgia.nelson@example.com', 'hashed_password_87', 'Georgia', 'Nelson'),
('harrisonlee', 'harrison.lee@example.com', 'hashed_password_88', 'Harrison', 'Lee'),
('isabelleturner', 'isabelle.turner@example.com', 'hashed_password_89', 'Isabelle', 'Turner'),
('jacobadams', 'jacob.adams@example.com', 'hashed_password_90', 'Jacob', 'Adams'),
('karencampbell', 'karen.campbell@example.com', 'hashed_password_91', 'Karen', 'Campbell'),
('lucasjones', 'lucas.jones@example.com', 'hashed_password_92', 'Lucas', 'Jones'),
('maggiebrown', 'maggie.brown@example.com', 'hashed_password_93', 'Maggie', 'Brown'),
('nathanjohnson', 'nathan.johnson@example.com', 'hashed_password_94', 'Nathan', 'Johnson'),
('oliviamorris', 'olivia.morris@example.com', 'hashed_password_95', 'Olivia', 'Morris'),
('peterkim', 'peter.kim@example.com', 'hashed_password_96', 'Peter', 'Kim'),
('quinnjones', 'quinn.jones@example.com', 'hashed_password_97', 'Quinn', 'Jones'),
('rebeccawatson', 'rebecca.watson@example.com', 'hashed_password_98', 'Rebecca', 'Watson'),
('sydneydavis', 'sydney.davis@example.com', 'hashed_password_99', 'Sydney', 'Davis'),
('tylerbrown', 'tyler.brown@example.com', 'hashed_password_100', 'Tyler', 'Brown');

select * from users;


-- categories
INSERT INTO categories (name, description) VALUES
('Electronics', 'Devices such as smartphones, laptops, and cameras'),
('Home Appliances', 'Appliances for home use like air conditioners and blenders'),
('Sports', 'Sports equipment and accessories'),
('Toys', 'Toys for children and collectibles'),
('Books', 'Various genres of books'),
('Clothing', 'Men’s, women’s, and children’s clothing'),
('Furniture', 'Furniture for home and office'),
('Health & Beauty', 'Products for personal care and wellness'),
('Automotive', 'Automobile parts and accessories'),
('Garden', 'Garden tools and plants'),
('Office Supplies', 'Stationery and office equipment'),
('Music', 'Musical instruments and accessories'),
('Jewelry', 'Rings, necklaces, and other jewelry'),
('Pet Supplies', 'Products for pets'),
('Kitchenware', 'Utensils and appliances for the kitchen'),
('Crafts', 'Art and craft supplies'),
('Outdoor Gear', 'Equipment for outdoor activities'),
('Books & Magazines', 'Reading materials'),
('Video Games', 'Games for various platforms'),
('Baby Products', 'Items for babies and toddlers'),
('Home Improvement', 'Tools and materials for home projects'),
('Computers', 'Hardware and accessories for computers'),
('Cell Phones', 'Mobile phones and accessories'),
('Watches', 'Various types of watches'),
('Shoes', 'Footwear for all occasions'),
('Backpacks', 'Bags and backpacks'),
('Office Furniture', 'Desks, chairs, and other office furniture'),
('Bedding', 'Mattresses, pillows, and bedding accessories'),
('Cleaning Supplies', 'Products for cleaning and maintenance'),
('Fitness', 'Fitness equipment and accessories'),
('Seasonal', 'Seasonal products and decorations'),
('Specialty Foods', 'Unique and gourmet food items'),
('Subscription Boxes', 'Monthly subscription boxes for various interests'),
('Art', 'Art supplies and artworks'),
('Collectibles', 'Rare and collectible items'),
('Camping', 'Camping gear and accessories'),
('Sunglasses', 'Various styles of sunglasses'),
('DIY Tools', 'Tools for do-it-yourself projects'),
('Smart Home', 'Smart home devices and accessories'),
('Travel', 'Travel gear and accessories'),
('Luxury Goods', 'High-end and luxury items'),
('Tech Accessories', 'Accessories for electronic devices'),
('Photography', 'Cameras and photography equipment'),
('Sportswear', 'Clothing for sports and exercise'),
('Home Decor', 'Decorative items for the home'),
('Auto Parts', 'Parts and accessories for automobiles'),
('Gaming Consoles', 'Consoles for video games'),
('Weddings', 'Wedding supplies and accessories'),
('Holiday', 'Holiday-specific products and gifts'),
('Gifts', 'Gifts for various occasions'),
('Subscription Services', 'Services that offer recurring deliveries'),
('Educational Toys', 'Toys designed for learning and development'),
('Musical Instruments', 'Instruments for music enthusiasts'),
('Special Occasions', 'Items for special events and celebrations'),
('Party Supplies', 'Supplies for parties and gatherings'),
('Health', 'Health-related products'),
('Beauty', 'Beauty and skincare products'),
('Food & Beverage', 'Food items and beverages'),
('Books', 'Books of all genres'),
('Video Equipment', 'Equipment for video recording and editing'),
('Kitchen Appliances', 'Appliances for kitchen use'),
('Tech Gadgets', 'Gadgets and tech innovations'),
('Craft Supplies', 'Supplies for crafting and DIY projects'),
('Kids', 'Products for children'),
('Pet Care', 'Care products for pets'),
('Garden Tools', 'Tools for gardening'),
('Office Equipment', 'Equipment for the office'),
('Household Goods', 'Various goods for the home'),
('Outdoor Furniture', 'Furniture for outdoor use'),
('Hobbies', 'Products related to hobbies and interests'),
('Camping Gear', 'Gear for camping'),
('Fitness Equipment', 'Equipment for fitness and exercise'),
('Travel Accessories', 'Accessories for traveling'),
('Camping Supplies', 'Supplies and gear for camping adventures'),
('Marine Equipment', 'Equipment for boating and marine activities'),
('Bikes', 'Bicycles and cycling accessories'),
('Electric Vehicles', 'Electric bikes, scooters, and related accessories'),
('Smartwatches', 'Watches with smart features'),
('Virtual Reality', 'VR headsets and accessories'),
('Health Gadgets', 'Devices for health monitoring and fitness tracking'),
('Organic Foods', 'Organic and natural food products'),
('Dietary Supplements', 'Vitamins and dietary supplements'),
('Outdoor Clothing', 'Clothing designed for outdoor activities'),
('Luxury Watches', 'High-end and designer watches'),
('Home Security', 'Security systems and devices for the home'),
('Yoga Gear', 'Equipment and accessories for yoga practice'),
('Meditation Tools', 'Tools and aids for meditation'),
('Travel Bags', 'Bags designed for travel purposes'),
('Personal Finance', 'Products and tools for personal finance management'),
('Home Office', 'Furniture and supplies for a home office'),
('Craft Kits', 'DIY kits for various crafts and hobbies'),
('Collectible Coins', 'Rare and collectible coins'),
('Antiques', 'Antique items and collectibles'),
('Smart Home Gadgets', 'Gadgets for home automation and smart living'),
('Luxury Bedding', 'High-end bedding and linens'),
('Bespoke Furniture', 'Custom-made furniture pieces'),
('Vintage Clothing', 'Clothing from past decades'),
('Eco-Friendly Products', 'Environmentally sustainable products'),
('Subscription Services', 'Services offering subscription-based deliveries'),
('Travel Guides', 'Books and guides for travel destinations');

select * from categories;

-- products
INSERT INTO products (name, description, price, category_id) VALUES
('Smartphone', 'A high-end smartphone with a 6.5 inch screen and 128GB storage.', 699.99, 1),
('Laptop', 'A lightweight laptop with 16GB RAM and 512GB SSD.', 1199.99, 1),
('Digital Camera', 'A 24MP digital camera with 4K video recording.', 499.99, 1),
('Blender', 'High-speed blender with multiple functions.', 89.99, 2),
('Air Conditioner', 'Portable air conditioner with remote control.', 299.99, 2),
('Football', 'Professional quality football for all-weather play.', 29.99, 3),
('Tennis Racket', 'Lightweight tennis racket with durable strings.', 99.99, 3),
('Action Figure', 'Collectible action figure from popular movie franchise.', 24.99, 4),
('Novel', 'Best-selling novel with gripping plot.', 14.99, 5),
('Jeans', 'Stylish jeans with a modern fit.', 39.99, 6),
('Office Chair', 'Ergonomic office chair with lumbar support.', 149.99, 7),
('Shampoo', 'Shampoo for all hair types with natural ingredients.', 7.99, 8),
('Car Battery', 'High-performance car battery with long lifespan.', 119.99, 9),
('Garden Shovel', 'Durable garden shovel for digging and planting.', 22.99, 10),
('Printer', 'Inkjet printer with wireless connectivity.', 89.99, 11),
('Electric Guitar', 'High-quality electric guitar for musicians.', 499.99, 12),
('Diamond Ring', 'Elegant diamond ring with a classic design.', 2999.99, 13),
('Dog Bed', 'Comfortable dog bed for large breeds.', 79.99, 14),
('Cookware Set', 'Non-stick cookware set for all your cooking needs.', 119.99, 15),
('Camping Tent', 'Four-season camping tent with waterproof fabric.', 199.99, 16),
('Sunglasses', 'Stylish sunglasses with UV protection.', 29.99, 17),
('Smartwatch', 'Advanced smartwatch with fitness tracking features.', 199.99, 18),
('Backpack', 'Durable backpack with multiple compartments.', 49.99, 19),
('Video Game Console', 'Latest generation video game console with 1TB storage.', 499.99, 20),
('Baby Stroller', 'Comfortable and adjustable baby stroller.', 249.99, 21),
('Wall Clock', 'Elegant wall clock with a modern design.', 39.99, 22),
('Bluetooth Speaker', 'Portable Bluetooth speaker with high-quality sound.', 79.99, 23),
('Electric Kettle', 'Stainless steel electric kettle with quick boiling.', 34.99, 24),
('Bread Maker', 'Automatic bread maker with multiple settings.', 149.99, 25),
('Dishwasher', 'Energy-efficient dishwasher with multiple wash cycles.', 499.99, 26),
('Gaming Laptop', 'High-performance laptop designed for gaming.', 1599.99, 27),
('Coffee Maker', 'Coffee maker with programmable settings.', 89.99, 28),
('Vacuum Cleaner', 'Powerful vacuum cleaner with HEPA filter.', 129.99, 29),
('Hiking Boots', 'Durable hiking boots with waterproof protection.', 109.99, 30),
('Tent', 'Lightweight and easy-to-assemble camping tent.', 89.99, 31),
('Fishing Rod', 'High-quality fishing rod with adjustable reel.', 59.99, 32),
('Portable Charger', 'High-capacity portable charger for on-the-go.', 39.99, 33),
('Smart Thermostat', 'Smart thermostat with Wi-Fi connectivity.', 129.99, 34),
('Fitness Tracker', 'Wearable fitness tracker with heart rate monitoring.', 79.99, 35),
('Electric Grill', 'Indoor electric grill with adjustable temperature.', 99.99, 36),
('Air Purifier', 'Air purifier with HEPA filter and multiple modes.', 149.99, 37),
('Electric Toothbrush', 'Rechargeable electric toothbrush with multiple brushing modes.', 49.99, 38),
('Blender', 'High-speed blender with a glass jar and multiple settings.', 69.99, 39),
('Table Lamp', 'Modern table lamp with adjustable brightness.', 29.99, 40),
('Guitar Pedal', 'Effects pedal for electric guitar with multiple settings.', 79.99, 41),
('Stand Mixer', 'Heavy-duty stand mixer with multiple attachments.', 299.99, 42),
('Thermal Printer', 'Compact thermal printer for receipts and labels.', 119.99, 43),
('Laptop Stand', 'Adjustable laptop stand for ergonomic use.', 29.99, 44),
('Garden Hose', 'Durable garden hose with adjustable spray nozzle.', 39.99, 45),
('Outdoor Speaker', 'Weather-resistant outdoor speaker with Bluetooth.', 99.99, 46),
('Digital Thermometer', 'Accurate digital thermometer with quick reading.', 15.99, 47),
('Pet Carrier', 'Comfortable pet carrier for small animals.', 49.99, 48),
('Camera Lens', 'High-quality camera lens for professional photography.', 399.99, 49),
('Shoe Rack', 'Multi-tier shoe rack for organized storage.', 59.99, 50),
('Hand Blender', 'Compact hand blender with multiple attachments.', 39.99, 51),
('Microwave Oven', 'Compact microwave oven with multiple settings.', 89.99, 52),
('Home Theater System', 'Surround sound home theater system with 5 speakers.', 499.99, 53),
('Electric Scooter', 'Electric scooter with long battery life.', 349.99, 54),
('Ice Maker', 'Automatic ice maker with high production capacity.', 149.99, 55),
('Bread Knife', 'Serrated bread knife with ergonomic handle.', 24.99, 56),
('Wireless Earbuds', 'Bluetooth earbuds with noise-canceling features.', 79.99, 57),
('Electric Shaver', 'Rechargeable electric shaver with precision trimming.', 59.99, 58),
('Portable Air Pump', 'Compact air pump for inflating tires and sports equipment.', 29.99, 59),
('Camping Stove', 'Portable camping stove with windscreen.', 69.99, 60),
('Electric Blanket', 'Heating blanket with adjustable settings.', 99.99, 61),
('Digital Scale', 'High-precision digital scale for weight measurement.', 39.99, 62),
('Floor Lamp', 'Elegant floor lamp with adjustable height.', 79.99, 63),
('Cordless Drill', 'Cordless drill with multiple speed settings.', 119.99, 64),
('Electric Fireplace', 'Electric fireplace with remote control and adjustable heat.', 299.99, 65),
('Pet Food Bowl', 'Non-slip pet food bowl with adjustable height.', 19.99, 66),
('Outdoor Grill', 'Large outdoor grill with multiple burners.', 249.99, 67),
('Portable Speaker', 'Compact portable speaker with long battery life.', 59.99, 68),
('Electric Water Heater', 'Instant electric water heater with temperature control.', 149.99, 69),
('Gaming Chair', 'Ergonomic gaming chair with adjustable features.', 199.99, 70),
('Portable Fridge', 'Compact portable fridge with cooling and heating functions.', 299.99, 71),
('LED Strip Lights', 'Color-changing LED strip lights with remote control.', 49.99, 72),
('Electric Oven', 'Electric oven with convection and baking modes.', 399.99, 73),
('Massage Gun', 'Handheld massage gun with adjustable intensity.', 129.99, 74),
('Outdoor Tent', 'Spacious outdoor tent with easy setup.', 179.99, 75),
('Smart Home Hub', 'Central hub for managing smart home devices.', 89.99, 76),
('Indoor Plant', 'Low-maintenance indoor plant for home decor.', 24.99, 77),
('Washing Machine', 'Energy-efficient washing machine with multiple cycles.', 499.99, 78),
('Bicycle Helmet', 'Safety helmet for cycling with adjustable fit.', 59.99, 79),
('Bluetooth Headphones', 'Wireless headphones with noise-canceling feature.', 119.99, 80),
('Smart Light Bulb', 'Smart light bulb with adjustable brightness and color.', 19.99, 81),
('Handheld Vacuum', 'Compact handheld vacuum for quick cleanups.', 69.99, 82),
('Dehumidifier', 'Dehumidifier with adjustable humidity settings.', 139.99, 83),
('Photo Printer', 'Compact photo printer with wireless capabilities.', 129.99, 84),
('Portable Generator', 'Portable generator with high power output.', 499.99, 85),
('Wine Cooler', 'Wine cooler with adjustable temperature settings.', 199.99, 86),
('Electric Hair Clipper', 'Hair clipper with adjustable blades and rechargeable battery.', 49.99, 87),
('Stand Up Paddleboard', 'Inflatable paddleboard with pump and paddle.', 299.99, 88),
('Cooking Thermometer', 'Digital cooking thermometer with instant read.', 29.99, 89),
('Mini Projector', 'Compact projector with high-definition display.', 179.99, 90),
('Gourmet Coffee Beans', 'Freshly roasted gourmet coffee beans.', 14.99, 91),
('Digital Camera Bag', 'Protective bag for digital cameras with extra compartments.', 49.99, 92),
('Portable Air Conditioner', 'Compact air conditioner for personal cooling.', 349.99, 93),
('Snow Shovel', 'Heavy-duty snow shovel with ergonomic handle.', 39.99, 94),
('Ski Goggles', 'High-performance ski goggles with UV protection.', 89.99, 95),
('Fishing Tackle Box', 'Tackle box with multiple compartments for fishing gear.', 59.99, 96),
('Electric Hand Warmer', 'Rechargeable hand warmer with adjustable heat.', 29.99, 97),
('Electric Toothbrush', 'Electric toothbrush with travel case and multiple modes.', 59.99, 98),
('Home Theater Projector', 'Projector for home theater with high resolution.', 399.99, 99),
('Product100', 'Description for Product 100', 100.00, 20);

select * from products;

-- inventory
INSERT INTO inventory (product_id, quantity_in_stock) VALUES
(1, 100),
(2, 80),
(3, 60),
(4, 40),
(5, 30),
(6, 120),
(7, 90),
(8, 50),
(9, 40),
(10, 150),
(11, 200),
(12, 100),
(13, 70),
(14, 60),
(15, 20),
(16, 40),
(17, 50),
(18, 30),
(19, 40),
(20, 25),
(21, 15),
(22, 35),
(23, 45),
(24, 25),
(25, 30),
(26, 50),
(27, 40),
(28, 30),
(29, 60),
(30, 55),
(31, 50),
(32, 40),
(33, 45),
(34, 60),
(35, 30),
(36, 70),
(37, 50),
(38, 45),
(39, 40),
(40, 35),
(41, 50),
(42, 60),
(43, 55),
(44, 50),
(45, 35),
(46, 30),
(47, 60),
(48, 50),
(49, 45),
(50, 30),
(51, 60),
(52, 40),
(53, 55),
(54, 45),
(55, 50),
(56, 40),
(57, 60),
(58, 30),
(59, 50),
(60, 55),
(61, 30),
(62, 70),
(63, 45),
(64, 55),
(65, 50),
(66, 60),
(67, 40),
(68, 55),
(69, 30),
(70, 45),
(71, 50),
(72, 60),
(73, 45),
(74, 30),
(75, 55),
(76, 60),
(77, 50),
(78, 40),
(79, 30),
(80, 45),
(81, 55),
(82, 60),
(83, 30),
(84, 40),
(85, 50),
(86, 60),
(87, 45),
(88, 50),
(89, 30),
(90, 55),
(91, 40),
(92, 60),
(93, 50),
(94, 45),
(95, 30),
(96, 55),
(97, 40),
(98, 60),
(99, 30),
(100, 50);

select * from inventory;

-- orders
INSERT INTO orders (user_id, order_date, status, total_amount) VALUES
(1, '2024-08-01 14:23:00', 'pending', 719.98),
(2, '2024-08-02 09:15:00', 'shipped', 1239.98),
(3, '2024-08-03 11:45:00', 'delivered', 59.98),
(4, '2024-08-04 15:30:00', 'pending', 499.99),
(5, '2024-08-05 10:00:00', 'shipped', 299.99),
(6, '2024-08-06 08:20:00', 'delivered', 29.99),
(7, '2024-08-07 12:00:00', 'pending', 199.99),
(8, '2024-08-08 14:45:00', 'shipped', 999.99),
(9, '2024-08-09 17:30:00', 'delivered', 15.99),
(10, '2024-08-10 16:00:00', 'pending', 59.99),
(11, '2024-08-11 09:10:00', 'shipped', 39.99),
(12, '2024-08-12 14:20:00', 'delivered', 19.99),
(13, '2024-08-13 11:00:00', 'pending', 79.99),
(14, '2024-08-14 13:45:00', 'shipped', 149.99),
(15, '2024-08-15 12:15:00', 'delivered', 59.99),
(16, '2024-08-16 15:00:00', 'pending', 199.99),
(17, '2024-08-17 09:30:00', 'shipped', 89.99),
(18, '2024-08-18 11:45:00', 'delivered', 129.99),
(19, '2024-08-19 14:00:00', 'pending', 29.99),
(20, '2024-08-20 12:30:00', 'shipped', 79.99),
(21, '2024-08-21 10:00:00', 'delivered', 49.99),
(22, '2024-08-22 13:00:00', 'pending', 39.99),
(23, '2024-08-23 15:45:00', 'shipped', 99.99),
(24, '2024-08-24 11:30:00', 'delivered', 24.99),
(25, '2024-08-25 08:15:00', 'pending', 19.99),
(26, '2024-08-26 10:00:00', 'shipped', 69.99),
(27, '2024-08-27 13:20:00', 'delivered', 89.99),
(28, '2024-08-28 14:10:00', 'pending', 159.99),
(29, '2024-08-29 15:50:00', 'shipped', 59.99),
(30, '2024-08-30 16:00:00', 'delivered', 49.99),
(31, '2024-08-01 08:00:00', 'pending', 299.99),
(32, '2024-08-02 09:30:00', 'shipped', 49.99),
(33, '2024-08-03 12:00:00', 'delivered', 89.99),
(34, '2024-08-04 14:15:00', 'pending', 129.99),
(35, '2024-08-05 15:00:00', 'shipped', 39.99),
(36, '2024-08-06 16:30:00', 'delivered', 59.99),
(37, '2024-08-07 08:15:00', 'pending', 79.99),
(38, '2024-08-08 09:50:00', 'shipped', 29.99),
(39, '2024-08-09 11:30:00', 'delivered', 49.99),
(40, '2024-08-10 13:00:00', 'pending', 199.99),
(41, '2024-08-11 14:30:00', 'shipped', 119.99),
(42, '2024-08-12 16:00:00', 'delivered', 99.99),
(43, '2024-08-13 08:45:00', 'pending', 39.99),
(44, '2024-08-14 10:30:00', 'shipped', 69.99),
(45, '2024-08-15 12:00:00', 'delivered', 79.99),
(46, '2024-08-16 14:15:00', 'pending', 89.99),
(47, '2024-08-17 15:30:00', 'shipped', 129.99),
(48, '2024-08-18 16:45:00', 'delivered', 29.99),
(49, '2024-08-19 08:15:00', 'pending', 99.99),
(50, '2024-08-20 09:45:00', 'shipped', 59.99),
(51, '2024-08-21 11:30:00', 'delivered', 129.99),
(52, '2024-08-22 12:00:00', 'pending', 49.99),
(53, '2024-08-23 13:15:00', 'shipped', 79.99),
(54, '2024-08-24 14:00:00', 'delivered', 89.99),
(55, '2024-08-25 15:00:00', 'pending', 59.99),
(56, '2024-08-26 16:30:00', 'shipped', 99.99),
(57, '2024-08-27 08:00:00', 'delivered', 29.99),
(58, '2024-08-28 09:30:00', 'pending', 79.99),
(59, '2024-08-29 10:45:00', 'shipped', 39.99),
(60, '2024-08-30 11:30:00', 'delivered', 59.99),
(61, '2024-08-01 09:30:00', 'shipped', 129.99),
(62, '2024-08-02 12:00:00', 'delivered', 79.99),
(63, '2024-08-03 14:30:00', 'pending', 159.99),
(64, '2024-08-04 16:00:00', 'shipped', 99.99),
(65, '2024-08-05 10:45:00', 'delivered', 59.99),
(66, '2024-08-06 11:15:00', 'pending', 49.99),
(67, '2024-08-07 13:30:00', 'shipped', 89.99),
(68, '2024-08-08 15:00:00', 'delivered', 19.99),
(69, '2024-08-09 16:45:00', 'pending', 39.99),
(70, '2024-08-10 11:00:00', 'shipped', 119.99),
(71, '2024-08-11 12:15:00', 'delivered', 69.99),
(72, '2024-08-12 14:00:00', 'pending', 89.99),
(73, '2024-08-13 09:00:00', 'shipped', 129.99),
(74, '2024-08-14 11:30:00', 'delivered', 39.99),
(75, '2024-08-15 13:45:00', 'pending', 79.99),
(76, '2024-08-16 15:30:00', 'shipped', 49.99),
(77, '2024-08-17 17:00:00', 'delivered', 99.99),
(78, '2024-08-18 14:00:00', 'pending', 129.99),
(79, '2024-08-19 16:30:00', 'shipped', 69.99),
(80, '2024-08-20 10:00:00', 'delivered', 49.99),
(81, '2024-08-21 12:30:00', 'pending', 59.99),
(82, '2024-08-22 13:15:00', 'shipped', 89.99),
(83, '2024-08-23 15:00:00', 'delivered', 19.99),
(84, '2024-08-24 16:45:00', 'pending', 39.99),
(85, '2024-08-25 11:00:00', 'shipped', 119.99),
(86, '2024-08-26 12:30:00', 'delivered', 79.99),
(87, '2024-08-27 14:00:00', 'pending', 129.99),
(88, '2024-08-28 15:15:00', 'shipped', 99.99),
(89, '2024-08-29 16:00:00', 'delivered', 69.99),
(90, '2024-08-30 17:30:00', 'pending', 49.99),
(91, '2024-08-01 10:30:00', 'shipped', 159.99),
(92, '2024-08-02 11:45:00', 'delivered', 79.99),
(93, '2024-08-03 13:00:00', 'pending', 99.99),
(94, '2024-08-04 14:15:00', 'shipped', 129.99),
(95, '2024-08-05 15:30:00', 'delivered', 39.99),
(96, '2024-08-06 16:45:00', 'pending', 89.99),
(97, '2024-08-07 17:00:00', 'shipped', 69.99),
(98, '2024-08-08 12:00:00', 'delivered', 49.99),
(99, '2024-08-09 13:30:00', 'pending', 79.99),
(100, '2024-08-10 14:00:00', 'shipped', 59.99);


select * from orders;

-- orders_items
INSERT INTO order_items (order_id, product_id, quantity, price) VALUES
(1, 1, 1, 699.99),
(1, 19, 1, 29.99),
(2, 2, 3, 1199.99),
(2, 6, 1, 29.99),
(3, 13, 1, 79.99),
(3, 14, 3, 59.99),
(4, 3, 1, 499.99),
(5, 5, 1, 299.99),
(6, 9, 1, 15.99),
(7, 8, 1, 999.99),
(8, 11, 8, 39.99),
(9, 16, 1, 89.99),
(10, 18, 1, 129.99),
(11, 20, 1, 59.99),
(12, 22, 4, 39.99),
(13, 23, 2, 99.99),
(14, 24, 1, 24.99),
(15, 26, 5, 69.99),
(16, 28, 1, 159.99),
(17, 29, 1, 59.99),
(18, 30, 1, 49.99),
(19, 31, 1, 299.99),
(20, 32, 1, 49.99),
(21, 33, 1, 89.99),
(22, 34, 1, 129.99),
(23, 35, 1, 39.99),
(24, 36, 2, 59.99),
(25, 37, 8, 79.99),
(26, 38, 1, 29.99),
(27, 39, 1, 49.99),
(28, 40, 1, 199.99),
(29, 41, 1, 119.99),
(30, 42, 1, 99.99),
(31, 43, 2, 39.99),
(32, 44, 1, 69.99),
(33, 45, 1, 79.99),
(34, 46, 1, 89.99),
(35, 47, 1, 129.99),
(36, 48, 3, 29.99),
(37, 49, 7, 99.99),
(38, 50, 1, 59.99),
(39, 51, 1, 129.99),
(40, 52, 1, 49.99),
(41, 53, 1, 79.99),
(42, 54, 1, 89.99),
(43, 55, 5, 59.99),
(44, 56, 1, 99.99),
(45, 57, 1, 29.99),
(46, 58, 2, 79.99),
(47, 59, 1, 39.99),
(48, 60, 1, 59.99),
(49, 61, 1, 129.99),
(49, 62, 1, 79.99),
(50, 63, 1, 159.99),
(50, 64, 1, 99.99),
(51, 65, 1, 59.99),
(51, 66, 1, 49.99),
(52, 67, 1, 89.99),
(52, 68, 1, 19.99),
(53, 69, 2, 39.99),
(53, 70, 1, 119.99),
(54, 71, 1, 69.99),
(54, 72, 1, 89.99),
(55, 73, 1, 129.99),
(55, 74, 1, 39.99),
(56, 75, 1, 79.99),
(56, 76, 1, 49.99),
(57, 77, 3, 99.99),
(57, 78, 1, 129.99),
(58, 79, 1, 69.99),
(58, 80, 2, 49.99),
(59, 81, 1, 59.99),
(59, 82, 1, 89.99),
(60, 83, 3, 19.99),
(60, 84, 1, 39.99),
(61, 85, 1, 79.99),
(61, 86, 1, 129.99),
(62, 87, 1, 49.99),
(62, 88, 1, 99.99),
(63, 89, 1, 59.99),
(63, 90, 6, 69.99),
(64, 91, 1, 129.99),
(64, 92, 1, 79.99),
(65, 93, 1, 49.99),
(65, 94, 1, 89.99),
(66, 95, 1, 59.99),
(66, 96, 2, 99.99),
(67, 97, 1, 69.99),
(67, 98, 1, 79.99),
(68, 99, 2, 49.99),
(68, 100, 1, 59.99),
(69, 101, 1, 79.99),
(69, 102, 1, 129.99),
(70, 103, 1, 99.99);

select * from order_items;


-- review
INSERT INTO reviews (product_id, user_id, rating, comment, created_at) VALUES
(1, 1, 5, 'Excellent product, very satisfied with the quality!', '2024-08-01 12:00:00'),
(2, 2, 4, 'Good value for the price, but delivery was delayed.', '2024-08-02 12:30:00'),
(3, 3, 3, 'Average product, not as expected.', '2024-08-03 13:00:00'),
(4, 4, 5, 'Absolutely love it! Highly recommend.', '2024-08-04 14:00:00'),
(5, 5, 2, 'Not happy with the product. Poor quality.', '2024-08-05 15:00:00'),
(6, 6, 4, 'Nice product, but could use some improvements.', '2024-08-06 16:00:00'),
(7, 7, 5, 'Exceeded my expectations. Will buy again.', '2024-08-07 17:00:00'),
(8, 8, 3, 'The product is okay, but shipping was slow.', '2024-08-08 18:00:00'),
(9, 9, 4, 'Good quality, but the packaging was damaged.', '2024-08-09 19:00:00'),
(10, 10, 5, 'Fantastic! Worth every penny.', '2024-08-10 20:00:00'),
(11, 11, 2, 'Disappointing. Not what I hoped for.', '2024-08-11 21:00:00'),
(12, 12, 4, 'Very good product. I am happy with the purchase.', '2024-08-12 22:00:00'),
(13, 13, 5, 'Perfect! Exactly what I needed.', '2024-08-13 23:00:00'),
(14, 14, 3, 'It’s okay, but there are better options out there.', '2024-08-14 12:00:00'),
(15, 15, 4, 'Good product, but delivery was late.', '2024-08-15 13:00:00'),
(16, 16, 5, 'Great purchase. I am very pleased.', '2024-08-16 14:00:00'),
(17, 17, 2, 'Not satisfied. The product did not meet my expectations.', '2024-08-17 15:00:00'),
(18, 18, 4, 'Nice product, though a bit overpriced.', '2024-08-18 16:00:00'),
(19, 19, 3, 'The product is decent, but not great.', '2024-08-19 17:00:00'),
(20, 20, 5, 'Excellent! I will recommend it to others.', '2024-08-20 18:00:00'),
(21, 21, 4, 'Very good, but the instructions were unclear.', '2024-08-21 19:00:00'),
(22, 22, 5, 'I love it! High quality and great design.', '2024-08-22 20:00:00'),
(23, 23, 3, 'Average experience. Could be improved.', '2024-08-23 21:00:00'),
(24, 24, 4, 'Good quality for the price.', '2024-08-24 22:00:00'),
(25, 25, 2, 'Not as expected. I am disappointed.', '2024-08-25 23:00:00'),
(26, 26, 5, 'Fantastic product. Exceeded my expectations.', '2024-08-26 12:00:00'),
(27, 27, 3, 'Okay product, but shipping took too long.', '2024-08-27 13:00:00'),
(28, 28, 4, 'Good value and quality. Satisfied with the purchase.', '2024-08-28 14:00:00'),
(29, 29, 5, 'Perfect! Will buy again.', '2024-08-29 15:00:00'),
(30, 30, 4, 'Nice product, although a bit expensive.', '2024-08-30 16:00:00'),
(31, 31, 3, 'Average quality. Not bad, but not great either.', '2024-08-31 17:00:00'),
(32, 32, 5, 'Excellent! Highly recommend.', '2024-09-01 18:00:00'),
(33, 33, 4, 'Very good product, would buy again.', '2024-09-02 19:00:00'),
(34, 34, 2, 'Not happy with the quality of the product.', '2024-09-03 20:00:00'),
(35, 35, 5, 'Absolutely fantastic! Very pleased.', '2024-09-04 21:00:00'),
(36, 36, 3, 'It’s okay, but there’s room for improvement.', '2024-09-05 22:00:00'),
(37, 37, 4, 'Good quality, but delivery was a bit slow.', '2024-09-06 23:00:00'),
(38, 38, 5, 'Great product and service. Very happy.', '2024-09-07 12:00:00'),
(39, 39, 2, 'Disappointed with the purchase.', '2024-09-08 13:00:00'),
(40, 40, 4, 'Nice product, though a bit overpriced.', '2024-09-09 14:00:00'),
(41, 41, 5, 'Fantastic! Exactly what I wanted.', '2024-09-10 15:00:00'),
(42, 42, 3, 'The product is decent, but I expected more.', '2024-09-11 16:00:00'),
(43, 43, 4, 'Very good, though the packaging could be improved.', '2024-09-12 17:00:00'),
(44, 44, 5, 'Perfect purchase. Highly satisfied.', '2024-09-13 18:00:00'),
(45, 45, 2, 'Not as expected. Poor quality.', '2024-09-14 19:00:00'),
(46, 46, 4, 'Good value for money. Happy with the product.', '2024-09-15 20:00:00'),
(47, 47, 3, 'Average experience. Nothing special.', '2024-09-16 21:00:00'),
(48, 48, 5, 'Great quality and service.', '2024-09-17 22:00:00'),
(49, 49, 4, 'Nice product. Delivery was timely.', '2024-09-18 23:00:00'),
(50, 50, 5, 'Very satisfied with the purchase.', '2024-09-19 12:00:00'),
(51, 51, 2, 'Product did not meet my expectations.', '2024-09-20 13:00:00'),
(52, 52, 4, 'Good quality. Would buy again.', '2024-09-21 14:00:00'),
(53, 53, 3, 'Decent product, but not what I hoped for.', '2024-09-22 15:00:00'),
(54, 54, 5, 'Excellent! Worth every penny.', '2024-09-23 16:00:00'),
(55, 55, 4, 'Good product, but could be better.', '2024-09-24 17:00:00'),
(56, 56, 3, 'Average. Not bad, but not impressive either.', '2024-09-25 18:00:00'),
(57, 57, 5, 'Fantastic product! Highly recommend.', '2024-09-26 19:00:00'),
(58, 58, 2, 'Disappointing. I do not recommend.', '2024-09-27 20:00:00'),
(59, 59, 4, 'Very good, though a bit expensive.', '2024-09-28 21:00:00'),
(60, 60, 5, 'Perfect! I am very happy with my purchase.', '2024-09-29 22:00:00'),
(61, 61, 3, 'It’s okay, but the quality could be improved.', '2024-09-30 23:00:00'),
(62, 62, 4, 'Good quality product. I would buy again.', '2024-10-01 12:00:00'),
(63, 63, 5, 'Excellent quality. Highly satisfied.', '2024-10-02 13:00:00'),
(64, 64, 2, 'Not satisfied with the product.', '2024-10-03 14:00:00'),
(65, 65, 4, 'Very good product. Worth the price.', '2024-10-04 15:00:00'),
(66, 66, 5, 'Fantastic! Exactly what I needed.', '2024-10-05 16:00:00'),
(67, 67, 3, 'Okay product, but could be better.', '2024-10-06 17:00:00'),
(68, 68, 4, 'Good quality and value for money.', '2024-10-07 18:00:00'),
(69, 69, 5, 'Great product! Exceeded my expectations.', '2024-10-08 19:00:00'),
(70, 70, 2, 'Not happy with the quality.', '2024-10-09 20:00:00'),
(71, 71, 4, 'Nice product, but a bit pricey.', '2024-10-10 21:00:00'),
(72, 72, 3, 'Average quality. Could be improved.', '2024-10-11 22:00:00'),
(73, 73, 5, 'Perfect! Highly recommend to others.', '2024-10-12 23:00:00'),
(74, 74, 4, 'Very good. I am satisfied with the purchase.', '2024-10-13 12:00:00'),
(75, 75, 5, 'Fantastic! Will definitely buy again.', '2024-10-14 13:00:00'),
(76, 76, 2, 'Disappointing product. Not recommended.', '2024-10-15 14:00:00'),
(77, 77, 4, 'Good quality. Would recommend.', '2024-10-16 15:00:00'),
(78, 78, 3, 'It’s okay. Nothing special.', '2024-10-17 16:00:00'),
(79, 79, 5, 'Excellent! Very pleased with the purchase.', '2024-10-18 17:00:00'),
(80, 80, 4, 'Good value and quality. Happy with it.', '2024-10-19 18:00:00'),
(81, 81, 2, 'Not as expected. Poor quality.', '2024-10-20 19:00:00'),
(82, 82, 4, 'Very good product. I would buy again.', '2024-10-21 20:00:00'),
(83, 83, 5, 'Fantastic product. Very satisfied.', '2024-10-22 21:00:00'),
(84, 84, 3, 'Decent product, but could be improved.', '2024-10-23 22:00:00'),
(85, 85, 4, 'Nice quality. Worth the price.', '2024-10-24 23:00:00'),
(86, 86, 5, 'Great! Exactly what I needed.', '2024-10-25 12:00:00'),
(87, 87, 2, 'Disappointing. Not recommended.', '2024-10-26 13:00:00'),
(88, 88, 4, 'Good quality and value. Happy with purchase.', '2024-10-27 14:00:00'),
(89, 89, 5, 'Excellent product. Highly recommended.', '2024-10-28 15:00:00'),
(90, 90, 3, 'It’s okay, but not amazing.', '2024-10-29 16:00:00'),
(91, 91, 4, 'Good product, though a bit expensive.', '2024-10-30 17:00:00'),
(92, 92, 5, 'Fantastic! Very pleased with my purchase.', '2024-10-31 18:00:00'),
(93, 93, 2, 'Not satisfied with the product.', '2024-11-01 19:00:00'),
(94, 94, 4, 'Very good. Worth the price.', '2024-11-02 20:00:00'),
(95, 95, 3, 'Average quality. Nothing special.', '2024-11-03 21:00:00'),
(96, 96, 5, 'Excellent! I am very happy with it.', '2024-11-04 22:00:00'),
(97, 97, 2, 'Disappointing. Not as expected.', '2024-11-05 23:00:00'),
(98, 98, 4, 'Good quality, but a bit pricey.', '2024-11-06 12:00:00'),
(99, 99, 5, 'Fantastic product! Highly recommend.', '2024-11-07 13:00:00'),
(100, 100, 3, 'Decent product. Could be improved.', '2024-11-08 14:00:00');

select * from reviews;


-- addresses
INSERT INTO addresses (user_id, street, city, state, postal_code, country) VALUES
(1, '123 Elm St', 'Springfield', 'IL', '62701', 'USA'),
(2, '456 Maple Ave', 'Lincoln', 'NE', '68508', 'USA'),
(3, '789 Oak Dr', 'Madison', 'WI', '53703', 'USA'),
(4, '101 Pine Rd', 'Columbus', 'OH', '43215', 'USA'),
(5, '202 Birch Blvd', 'Austin', 'TX', '73301', 'USA'),
(6, '303 Cedar St', 'Denver', 'CO', '80202', 'USA'),
(7, '404 Walnut St', 'Seattle', 'WA', '98101', 'USA'),
(8, '505 Willow Way', 'Portland', 'OR', '97201', 'USA'),
(9, '606 Cherry Ln', 'San Francisco', 'CA', '94105', 'USA'),
(10, '707 Ash St', 'Chicago', 'IL', '60601', 'USA'),
(11, '808 Poplar St', 'Philadelphia', 'PA', '19103', 'USA'),
(12, '909 Fir Ct', 'New York', 'NY', '10001', 'USA'),
(13, '1010 Elm St', 'Los Angeles', 'CA', '90001', 'USA'),
(14, '1111 Maple Ave', 'San Diego', 'CA', '92101', 'USA'),
(15, '1212 Oak Dr', 'San Jose', 'CA', '95101', 'USA'),
(16, '1313 Pine Rd', 'Dallas', 'TX', '75201', 'USA'),
(17, '1414 Birch Blvd', 'Houston', 'TX', '77001', 'USA'),
(18, '1515 Cedar St', 'Miami', 'FL', '33101', 'USA'),
(19, '1616 Walnut St', 'Atlanta', 'GA', '30301', 'USA'),
(20, '1717 Willow Way', 'Boston', 'MA', '02101', 'USA'),
(21, '1818 Cherry Ln', 'Washington', 'DC', '20001', 'USA'),
(22, '1919 Ash St', 'Baltimore', 'MD', '21201', 'USA'),
(23, '2020 Poplar St', 'Denver', 'CO', '80203', 'USA'),
(24, '2121 Fir Ct', 'Austin', 'TX', '73302', 'USA'),
(25, '2222 Elm St', 'Indianapolis', 'IN', '46201', 'USA'),
(26, '2323 Maple Ave', 'Columbus', 'OH', '43202', 'USA'),
(27, '2424 Oak Dr', 'Charlotte', 'NC', '28201', 'USA'),
(28, '2525 Pine Rd', 'San Antonio', 'TX', '78201', 'USA'),
(29, '2626 Birch Blvd', 'San Diego', 'CA', '92102', 'USA'),
(30, '2727 Cedar St', 'Seattle', 'WA', '98102', 'USA'),
(31, '2828 Walnut St', 'San Francisco', 'CA', '94107', 'USA'),
(32, '2929 Willow Way', 'Los Angeles', 'CA', '90002', 'USA'),
(33, '3030 Cherry Ln', 'Portland', 'OR', '97202', 'USA'),
(34, '3131 Ash St', 'Chicago', 'IL', '60602', 'USA'),
(35, '3232 Poplar St', 'Philadelphia', 'PA', '19104', 'USA'),
(36, '3333 Fir Ct', 'New York', 'NY', '10002', 'USA'),
(37, '3434 Elm St', 'Dallas', 'TX', '75202', 'USA'),
(38, '3535 Maple Ave', 'Miami', 'FL', '33102', 'USA'),
(39, '3636 Oak Dr', 'Atlanta', 'GA', '30302', 'USA'),
(40, '3737 Pine Rd', 'Boston', 'MA', '02102', 'USA'),
(41, '3838 Birch Blvd', 'Washington', 'DC', '20002', 'USA'),
(42, '3939 Cedar St', 'Baltimore', 'MD', '21202', 'USA'),
(43, '4040 Walnut St', 'Indianapolis', 'IN', '46202', 'USA'),
(44, '4141 Willow Way', 'Columbus', 'OH', '43203', 'USA'),
(45, '4242 Cherry Ln', 'Charlotte', 'NC', '28202', 'USA'),
(46, '4343 Ash St', 'San Antonio', 'TX', '78202', 'USA'),
(47, '4444 Poplar St', 'San Diego', 'CA', '92103', 'USA'),
(48, '4545 Fir Ct', 'Seattle', 'WA', '98103', 'USA'),
(49, '4646 Elm St', 'San Francisco', 'CA', '94108', 'USA'),
(50, '4747 Maple Ave', 'Los Angeles', 'CA', '90003', 'USA'),
(51, '4848 Oak Dr', 'Portland', 'OR', '97203', 'USA'),
(52, '4949 Pine Rd', 'Chicago', 'IL', '60603', 'USA'),
(53, '5050 Birch Blvd', 'Philadelphia', 'PA', '19105', 'USA'),
(54, '5151 Cedar St', 'New York', 'NY', '10003', 'USA'),
(55, '5252 Walnut St', 'Dallas', 'TX', '75203', 'USA'),
(56, '5353 Willow Way', 'Miami', 'FL', '33103', 'USA'),
(57, '5454 Cherry Ln', 'Atlanta', 'GA', '30303', 'USA'),
(58, '5555 Ash St', 'Boston', 'MA', '02103', 'USA'),
(59, '5656 Poplar St', 'Washington', 'DC', '20003', 'USA'),
(60, '5757 Fir Ct', 'Baltimore', 'MD', '21203', 'USA'),
(61, '5858 Elm St', 'Indianapolis', 'IN', '46203', 'USA'),
(62, '5959 Maple Ave', 'Columbus', 'OH', '43204', 'USA'),
(63, '6060 Oak Dr', 'Charlotte', 'NC', '28203', 'USA'),
(64, '6161 Pine Rd', 'San Antonio', 'TX', '78203', 'USA'),
(65, '6262 Birch Blvd', 'San Diego', 'CA', '92104', 'USA'),
(66, '6363 Cedar St', 'Seattle', 'WA', '98104', 'USA'),
(67, '6464 Walnut St', 'San Francisco', 'CA', '94109', 'USA'),
(68, '6565 Willow Way', 'Los Angeles', 'CA', '90004', 'USA'),
(69, '6666 Cherry Ln', 'Portland', 'OR', '97204', 'USA'),
(70, '6767 Ash St', 'Chicago', 'IL', '60604', 'USA'),
(71, '6868 Poplar St', 'Philadelphia', 'PA', '19106', 'USA'),
(72, '6969 Fir Ct', 'New York', 'NY', '10004', 'USA'),
(73, '7070 Elm St', 'Dallas', 'TX', '75204', 'USA'),
(74, '7171 Maple Ave', 'Miami', 'FL', '33104', 'USA'),
(75, '7272 Oak Dr', 'Atlanta', 'GA', '30304', 'USA'),
(76, '7373 Pine Rd', 'Boston', 'MA', '02104', 'USA'),
(77, '7474 Birch Blvd', 'Washington', 'DC', '20004', 'USA'),
(78, '7575 Cedar St', 'Baltimore', 'MD', '21204', 'USA'),
(79, '7676 Walnut St', 'Indianapolis', 'IN', '46204', 'USA'),
(80, '7777 Willow Way', 'Columbus', 'OH', '43205', 'USA'),
(81, '7878 Cherry Ln', 'Charlotte', 'NC', '28204', 'USA'),
(82, '7979 Ash St', 'San Antonio', 'TX', '78204', 'USA'),
(83, '8080 Poplar St', 'San Diego', 'CA', '92105', 'USA'),
(84, '8181 Fir Ct', 'Seattle', 'WA', '98105', 'USA'),
(85, '8282 Elm St', 'San Francisco', 'CA', '94110', 'USA'),
(86, '8383 Maple Ave', 'Los Angeles', 'CA', '90005', 'USA'),
(87, '8484 Oak Dr', 'Portland', 'OR', '97205', 'USA'),
(88, '8585 Pine Rd', 'Chicago', 'IL', '60605', 'USA'),
(89, '8686 Birch Blvd', 'Philadelphia', 'PA', '19107', 'USA'),
(90, '8787 Cedar St', 'New York', 'NY', '10005', 'USA'),
(91, '8888 Walnut St', 'Dallas', 'TX', '75205', 'USA'),
(92, '8989 Willow Way', 'Miami', 'FL', '33105', 'USA'),
(93, '9090 Cherry Ln', 'Atlanta', 'GA', '30305', 'USA'),
(94, '9191 Ash St', 'Boston', 'MA', '02105', 'USA'),
(95, '9292 Poplar St', 'Washington', 'DC', '20005', 'USA'),
(96, '9393 Fir Ct', 'Baltimore', 'MD', '21205', 'USA'),
(97, '9494 Elm St', 'Indianapolis', 'IN', '46205', 'USA'),
(98, '9595 Maple Ave', 'Columbus', 'OH', '43206', 'USA'),
(99, '9696 Oak Dr', 'Charlotte', 'NC', '28205', 'USA'),
(100, '9797 Pine Rd', 'San Antonio', 'TX', '78205', 'USA');

select * from addresses;





